Problem Category,Product Name,Product Price,Product URL,Product Description
Light Leaks,CLOUDLAB 844 Advance Grow Tent 4x4,$299-399,https://acinfinity.com/hydroponics-growers/advance-grow-tents/cloudlab-844-advance-grow-tent-4x4-2000d-diamond-mylar-canvas-48-x-48-x-80/,"48x48x80 tent with 2000D light-proof canvas, front zipper flap cover, 500G light-proof layer, SBS zippers with inner ribbon stitching seal, supports 250lbs of equipment"
Light Leaks,CLOUDLAB 866 Advance Grow Tent 5x5,$349-449,https://acinfinity.com/hydroponics-growers/advance-grow-tents/cloudlab-866-advance-grow-tent-5x5-2000d-diamond-mylar-canvas-60-x-60-x-80/,"60x60x80 tent with 2000D waterproof canvas, zipper flap protection, sealed duct ports, light-proof cable passthrough, supports 250lbs"
Light Leaks,CLOUDLAB 632 Advance Grow Tent 3x2,$199-249,https://acinfinity.com/hydroponics-growers/cloudlab-632-advance-grow-tent-3x2-thickest-1-in-poles-and-2000d-canvas-highest-reflective-mylar-largest-zipper-windows-36-x-24-x-72/,"36x24x72 compact tent with 2000D canvas, protective zipper cover, reinforced light sealing, controller mounting plate"
Light Leaks,CLOUDLAB 642 Advance Grow Tent 4x2,$229-299,https://acinfinity.com/hydroponics-growers/advance-grow-tents/cloudlab-642-advance-grow-tent-4x2-2000d-diamond-mylar-canvas-48-x-24-x-72/,"48x24x72 tent with 2000D canvas, complete light blocking features, zipper flap, 250lb capacity"
Light Leaks,CLOUDLAB 894 Advance Grow Tent 8x4,$449-549,https://acinfinity.com/hydroponics-growers/cloudlab-894-advance-grow-tent-8x4-thickest-1-in-poles-highest-density-2000d-diamond-mylar-canvas-96-x-48-x-80/,"96x48x80 tent, 18 plant capacity, 2000D canvas, front zipper protective cover, 150lb support"
Light Leaks,CLOUDLAB 811 Advance Grow Tent 10x10,$749-899,https://acinfinity.com/hydroponics-growers/cloudlab-811-advance-grow-tent-10x10-thickest-1-in-poles-and-2000d-canvas-highest-reflective-mylar-largest-zipper-windows-120-x-120-x-80/,"120x120x80 commercial tent with 2000D canvas, complete light-proof construction, largest observation windows"
Light Leaks,CLOUDLAB 816 Advance Grow Tent 10x5,$599-749,https://acinfinity.com/hydroponics-growers/cloudlab-816-advance-grow-tent-10x5-thickest-1-in-poles-and-2000d-canvas-highest-reflective-mylar-largest-zipper-windows-120-x-60-x-80/,"120x60x80 large tent, 2000D light-blocking canvas, sealed construction, heavy-duty zippers"
Poor Light Reflection,CLOUDLAB 844 Advance Grow Tent 4x4,$299-399,https://acinfinity.com/hydroponics-growers/advance-grow-tents/cloudlab-844-advance-grow-tent-4x4-2000d-diamond-mylar-canvas-48-x-48-x-80/,"Lab-tested highest reflective diamond mylar (tested with Agilent UV-Vis-NIR Spectrophotometer), maximizes light intensity and plant growth"
Poor Light Reflection,CLOUDLAB 866 Advance Grow Tent 5x5,$349-449,https://acinfinity.com/hydroponics-growers/advance-grow-tents/cloudlab-866-advance-grow-tent-5x5-2000d-diamond-mylar-canvas-60-x-60-x-80/,"Reengineered diamond mylar with highest reflectivity rating for maximum light distribution"
Poor Light Reflection,CLOUDLAB 894 Advance Grow Tent 8x4,$449-549,https://acinfinity.com/hydroponics-growers/cloudlab-894-advance-grow-tent-8x4-thickest-1-in-poles-highest-density-2000d-diamond-mylar-canvas-96-x-48-x-80/,"Cross-patterned diamond mylar reflects and maximizes grow light output across large area"
Temperature Control,CLOUDLINE PRO T6 Inline Fan 6-inch,$179-229,https://acinfinity.com/hydroponics-growers/cloudline-pro-t6-quiet-inline-duct-fan-system-with-temperature-humidity-vpd-controller-6-inch/,"402 CFM fan with Controller 69 PRO, dynamic temperature triggers, WiFi app control, 32 dBA quiet operation, VPD programming"
Temperature Control,CLOUDLINE PRO T4 Inline Fan 4-inch,$149-179,https://acinfinity.com/hydroponics-growers/cloudline-pro-t4-quiet-inline-duct-fan-system-with-temperature-humidity-vpd-controller-4-inch/,"205 CFM quiet fan with smart controller, temperature/humidity/VPD automation, WiFi app"
Temperature Control,CLOUDLINE PRO T8 Inline Fan 8-inch,$249-299,https://acinfinity.com/hydroponics-growers/ventilation/inline-fan-systems/cloudline-pro-t8-quiet-inline-duct-fan-system-with-temperature-humidity-vpd-controller-8-inch/,"807 CFM high-performance fan, Controller 69 PRO, dynamic climate control, large tent ventilation"
Temperature Control,TERRAFORM 7 Multi-Function AC,$899-1299,https://acinfinity.com/hydroponics-growers/us-only-terraform-7-multi-functional-air-conditioner-with-heater-dehumidifier-and-circulator-vpd-controller-4-way-ducting-for-grow-tents-8000-btu-mksd/,"8000 BTU 4-in-1: cooling/heating/dehumidifying/fan, VPD controller, 4-way ducting, 10x10ft coverage, pressure control"
Humidity Control,HYDRONE 5 Dehumidifier,$399-499,https://acinfinity.com/hydroponics-growers/hydrone-5-plant-dehumidifier-with-10-level-controls-works-in-all-environments-high-precision-pwm-motor-silent-operation-versatile-dual-duct-ports-up-to-5x5-grow-tents/,"10-level PWM dehumidifier for 5x5 tents, dual-port ducting, works in all climates, drainage-ready, UIS compatible"
Humidity Control,HYDRONE 7 Dehumidifier,$599-749,https://acinfinity.com/hydroponics-growers/hydrone-7-plant-dehumidifier-with-vpd-humidity-controls-10-drying-levels-ai-dynamic-programming-high-precision-pwm-motor-intake-fan-mode-dual-duct-up-to-10x10-or-larger-grow-tents/,"Commercial-grade for 10x10+ tents, 10 drying levels, AI programming, closed-loop capability, advanced VPD control"
Odor Management,CLOUDLINE PRO T6 with Carbon Filter Kit,$249-299,https://acinfinity.com/hydroponics-growers/cloudline-pro-t6-quiet-inline-duct-fan-system-with-temperature-humidity-vpd-controller-6-inch/,"Complete odor control: 402 CFM fan + Controller 69 PRO + Australian carbon filter + ducting, 1200+ IAV rating"
Odor Management,TERRAFORM 7 Multi-Function AC,$899-1299,https://acinfinity.com/hydroponics-growers/us-only-terraform-7-multi-functional-air-conditioner-with-heater-dehumidifier-and-circulator-vpd-controller-4-way-ducting-for-grow-tents-8000-btu-mksd/,"4-way ducting for positive/negative pressure to manage odors and prevent escape"
Air Circulation,CLOUDRAY S6 Clip Fan 6-inch,$45-50,https://acinfinity.com/clip-on-fans/,"6-inch EC motor, 10 speeds, 10 dynamic wind modes, 10 oscillation levels, IP-54 rated, simulates natural airflow"
Air Circulation,CLOUDRAY S9 Clip Fan 9-inch,$60-70,https://acinfinity.com/clip-on-fans/,"9-inch larger coverage, 10 speeds/modes, IP-54 weatherproof, dual-ball bearings, UIS compatible"
Air Circulation,CLOUDLIFT S12 Floor Fan 12-inch,$189,https://acinfinity.com/industrial-wall-fans/,"12-inch industrial EC motor, wireless 10-speed remote, IP-44 rated, wall/floor mount"
Air Circulation,CLOUDLIFT S14 Floor Fan 14-inch,$219,https://acinfinity.com/industrial-wall-fans/,"14-inch high-velocity industrial fan, maximum airflow, EC motor efficiency, commercial applications"
Ventilation Issues,CLOUDLINE PRO T6 Inline Fan 6-inch,$179-229,https://acinfinity.com/hydroponics-growers/cloudline-pro-t6-quiet-inline-duct-fan-system-with-temperature-humidity-vpd-controller-6-inch/,"402 CFM mixed-flow design, PWM EC motor, temperature/humidity/VPD automation, WiFi app"
Ventilation Issues,CLOUDLINE PRO T8 Inline Fan 8-inch,$249-299,https://acinfinity.com/hydroponics-growers/ventilation/inline-fan-systems/cloudline-pro-t8-quiet-inline-duct-fan-system-with-temperature-humidity-vpd-controller-8-inch/,"807 CFM high-capacity, smart controls, large tent ventilation, Controller 69 PRO included"
Ventilation Issues,CLOUDLINE PRO T10 Inline Fan 10-inch,$349-399,https://acinfinity.com/hydroponics-growers/cloudline-pro-t10-quiet-inline-duct-fan-system-with-temperature-humidity-vpd-controller-10-inch/,"1065 CFM commercial ventilation, advanced climate control, WiFi automation"
Ventilation Issues,CLOUDLINE PRO T12 Inline Fan 12-inch,$449-499,https://acinfinity.com/hydroponics-growers/ventilation/inline-fan-systems/cloudline-pro-t12-quiet-inline-duct-fan-system-with-temperature-humidity-vpd-controller-12-inch/,"1582 CFM maximum airflow, Controller 69 PRO, large commercial grows, dynamic programming"
Insufficient Light,IONFRAME EVO6 LED 500W,$569-699,https://acinfinity.com/hydroponics-growers/ionframe-evo6-samsung-lm301h-evo-commercial-led-grow-light-500w-4x4-ft/,"500W Samsung LM301H EVO, 1680 diodes, 1991 PPFD, 4x4 coverage, full spectrum with UV/red/far-red"
Insufficient Light,IONFRAME EVO10 LED 1000W,$990-1099,https://acinfinity.com/hydroponics-growers/ionframe-evo10-samsung-lm301h-evo-commercial-led-grow-light-1000w-5x5-ft/,"1000W commercial, 3710 diodes, 2146 PPFD, 6x6 coverage, highest 3.14 Î¼mol/J efficiency"
Insufficient Light,IONFRAME EVO3 LED 280W,$299-399,https://acinfinity.com/hydroponics-growers/ionframe-evo3-samsung-lm301h-evo-commercial-led-grow-light-280w-2x4-ft/,"280W for 2x4 coverage, Samsung LM301H EVO, 840 diodes, 1745 PPFD, sunrise/sunset dimming"
Insufficient Light,IONFRAME EVO4 LED 300W,$359-444,https://acinfinity.com/hydroponics-growers/grow-lights/commercial-grow-lights/ionframe-evo4-samsung-lm301h-evo-commercial-led-grow-light-300w-3x3-ft/,"300W optimized for 3x3, 896 diodes, 1819 PPFD, algorithmic spacing eliminates hotspots"
Insufficient Light,IONFRAME EVO8 LED 730W,$799-990,https://acinfinity.com/hydroponics-growers/grow-lights/commercial-grow-lights/ionframe-evo8-samsung-lm301h-evo-commercial-led-grow-light-730w-5x5-ft/,"730W for 5x5 flower coverage, 2688 diodes, 2013 PPFD, deep penetration, daisy-chain capability"
Poor Light Distribution,IONFRAME EVO6 LED 500W,$569-699,https://acinfinity.com/hydroponics-growers/ionframe-evo6-samsung-lm301h-evo-commercial-led-grow-light-500w-4x4-ft/,"Bar-style with algorithmically spaced diodes, eliminates hotspots, even 4x4 coverage"
Poor Light Distribution,IONBEAM S16 LED Bar,$117-149,https://acinfinity.com/hydroponics-growers/ionbeam-s16-full-spectrum-led-grow-light-bars-samsung-lm301h-evo-16-inch/,"16-inch full spectrum bars (4-pack), inter-canopy supplemental lighting, Samsung LM301H EVO, magnetic mount"
Poor Light Distribution,IONBEAM S11 LED Bar,$89-119,https://acinfinity.com/hydroponics-growers/ionbeam-s11-full-spectrum-led-grow-light-bars-samsung-lm301h-evo-11-inch/,"11-inch LED bars (4-pack), multi-purpose supplemental/inter-canopy use, reaches lower branches"
Structural Weakness,CLOUDLAB 844 Advance Grow Tent 4x4,$299-399,https://acinfinity.com/hydroponics-growers/advance-grow-tents/cloudlab-844-advance-grow-tent-4x4-2000d-diamond-mylar-canvas-48-x-48-x-80/,"Reinforced 22mm poles (vs 18mm standard), 250lb capacity, thickest 1-inch steel frame"
Structural Weakness,CLOUDLAB 866 Advance Grow Tent 5x5,$349-449,https://acinfinity.com/hydroponics-growers/advance-grow-tents/cloudlab-866-advance-grow-tent-5x5-2000d-diamond-mylar-canvas-60-x-60-x-80/,"1-inch thickest steel poles, heavy-duty corners, reinforced bars, 250lb support"
Structural Weakness,CLOUDLAB 894 Advance Grow Tent 8x4,$449-549,https://acinfinity.com/hydroponics-growers/cloudlab-894-advance-grow-tent-8x4-thickest-1-in-poles-highest-density-2000d-diamond-mylar-canvas-96-x-48-x-80/,"22mm diameter poles, 150lb equipment support, reinforced corners, metallic protection"
VPD Optimization,CLOUDLINE PRO T6 with Controller 69 PRO,$179-229,https://acinfinity.com/hydroponics-growers/cloudline-pro-t6-quiet-inline-duct-fan-system-with-temperature-humidity-vpd-controller-6-inch/,"Integrated VPD programming tracks ambient temp, leaf temp, and humidity for optimal transpiration"
VPD Optimization,TERRAFORM 7 Multi-Function AC,$899-1299,https://acinfinity.com/hydroponics-growers/us-only-terraform-7-multi-functional-air-conditioner-with-heater-dehumidifier-and-circulator-vpd-controller-4-way-ducting-for-grow-tents-8000-btu-mksd/,"Comprehensive VPD control through cooling/heating/dehumidifying, 10-level precision for each mode"
Lack of Automation,CLOUDLINE PRO T6 Inline Fan,$179-229,https://acinfinity.com/hydroponics-growers/cloudline-pro-t6-quiet-inline-duct-fan-system-with-temperature-humidity-vpd-controller-6-inch/,"Controller 69 PRO included: controls 4 UIS devices, dynamic triggers, schedules, WiFi app automation"
Noise Issues,CLOUDLINE PRO T6 Inline Fan,$179-229,https://acinfinity.com/hydroponics-growers/cloudline-pro-t6-quiet-inline-duct-fan-system-with-temperature-humidity-vpd-controller-6-inch/,"Ultra-quiet 32 dBA, PWM-controlled EC motor, smooth low-RPM without noise"
Noise Issues,CLOUDLINE PRO T4 Inline Fan,$149-179,https://acinfinity.com/hydroponics-growers/cloudline-pro-t4-quiet-inline-duct-fan-system-with-temperature-humidity-vpd-controller-4-inch/,"29 dBA whisper-quiet, designed for stealth growing, EC motor technology"
Seedling/Propagation,CLOUDLAB Propagation Tent 2x2x3,$129-169,https://acinfinity.com/hydroponics-growers/cloudlab-advance-propagation-grow-tent-2000d-mylar-canvas-with-support-bars-and-shelf-racks-24-x-24-x-36/,"24x24x36 dedicated propagation tent, multi-tier shelf support, 2000D canvas, dual orientation (vertical/horizontal)"
Monitoring Difficulty,CLOUDLAB 844 Advance Grow Tent,$299-399,https://acinfinity.com/hydroponics-growers/advance-grow-tents/cloudlab-844-advance-grow-tent-4x4-2000d-diamond-mylar-canvas-48-x-48-x-80/,"Largest observation windows on market, full plant view while maintaining sealed environment"
Monitoring Difficulty,CLOUDLINE PRO T6 with Controller 69 PRO,$179-229,https://acinfinity.com/hydroponics-growers/cloudline-pro-t6-quiet-inline-duct-fan-system-with-temperature-humidity-vpd-controller-6-inch/,"WiFi app for remote monitoring, real-time climate data, historical charts, alerts, CSV data export"
Heat from Lights,IONFRAME EVO6 LED 500W,$569-699,https://acinfinity.com/hydroponics-growers/ionframe-evo6-samsung-lm301h-evo-commercial-led-grow-light-500w-4x4-ft/,"Removable driver for remote mounting away from canopy, passive cooling aluminum, reduces tent heat"
Heat from Lights,IONFRAME EVO10 LED 1000W,$990-1099,https://acinfinity.com/hydroponics-growers/ionframe-evo10-samsung-lm301h-evo-commercial-led-grow-light-1000w-5x5-ft/,"Modular detachable driver, passive cooling system, IP-65 heat dissipation, high efficiency reduces heat output"
Pressure Imbalance,TERRAFORM 7 Multi-Function AC,$899-1299,https://acinfinity.com/hydroponics-growers/us-only-terraform-7-multi-functional-air-conditioner-with-heater-dehumidifier-and-circulator-vpd-controller-4-way-ducting-for-grow-tents-8000-btu-mksd/,"Revolutionary 4-way ducting creates positive/negative/neutral pressure configurations for odor and particle control"
Multi-Stage Growing,CLOUDLAB 864D 2-in-1 Tent,$399-499,https://acinfinity.com/hydroponics-growers/cloudlab-864d-2-in-1-advance-grow-tent-5x4-thickest-1-in-poles-highest-density-2000d-mylar-canvas-60-x-48-x-80/,"60x48x80 dual chamber: upper for veg, lower for seedlings, removable divider wall, 9 plant capacity"